{
  "loss": 4.727269649505615,
  "mae": 1.1898863315582275,
  "val_loss": 3.0663070678710938,
  "val_mae": 0.92888343334198,
  "learning_rate": 0.0010000000474974513,
  "epoch": 49,
  "global_step": 4350
}