{
  "loss": 0.8880789279937744,
  "mae": 0.6032389998435974,
  "val_loss": 0.36588311195373535,
  "val_mae": 0.27468419075012207,
  "learning_rate": 0.0005000000237487257,
  "epoch": 49,
  "global_step": 139550
}