{
  "loss": 1.0442531108856201,
  "mae": 0.6467186212539673,
  "val_loss": 0.5052475929260254,
  "val_mae": 0.3574266731739044,
  "learning_rate": 0.0010000000474974513,
  "epoch": 13,
  "global_step": 39074
}