{
  "loss": 4.732843399047852,
  "mae": 1.2551432847976685,
  "val_loss": 3.2759220600128174,
  "val_mae": 0.915524423122406,
  "learning_rate": 0.0010000000474974513,
  "epoch": 49,
  "global_step": 5350
}