{
  "loss": 1.3403438329696655,
  "mae": 0.6985657215118408,
  "val_loss": 0.6667665243148804,
  "val_mae": 0.35848578810691833,
  "epoch": 27,
  "global_step": 78148
}