{
  "loss": 1.5394880771636963,
  "mae": 0.8094040155410767,
  "val_loss": 0.692079484462738,
  "val_mae": 0.44845762848854065,
  "epoch": 1,
  "global_step": 5582
}