{
  "loss": 1.765066385269165,
  "mae": 0.8573829531669617,
  "val_loss": 0.8668004870414734,
  "val_mae": 0.48814499378204346,
  "epoch": 6,
  "global_step": 19537
}