{
  "loss": 1.019324541091919,
  "mae": 0.6331750750541687,
  "val_loss": 0.4837847650051117,
  "val_mae": 0.34620290994644165,
  "epoch": 43,
  "global_step": 122804
}