{
  "loss": 0.8992872834205627,
  "mae": 0.6050561666488647,
  "val_loss": 0.37177008390426636,
  "val_mae": 0.28208523988723755,
  "learning_rate": 0.0005000000237487257,
  "epoch": 39,
  "global_step": 111640
}