count,mean,std,min,25%,50%,75%,max
15000.0,7500.5,4330.271354083945,1.0,3750.75,7500.5,11250.25,15000.0
15000.0,2.73454124,1.2991088081938957,0.5001,1.609775,2.72065,3.867625,4.9991
15000.0,2.562716246666667,1.4069434232578304,0.1002,1.3590499999999999,2.5786,3.7596499999999997,4.9996
15000.0,10.223239226666667,5.637173271909345,0.5001,5.3172,10.1891,15.104725,19.9995
15000.0,1.0509884933333333,0.5484775936866656,0.1,0.57835,1.0556,1.528025,1.9999
15000.0,2.55353024,1.4060221994868736,0.1007,1.34185,2.5469999999999997,3.784775,4.9994
15000.0,10.262678273333334,5.653360592936105,0.5025,5.31155,10.35165,15.191325,19.9998
