{
  "loss": 0.8801144361495972,
  "mae": 0.6010140776634216,
  "val_loss": 0.3568299114704132,
  "val_mae": 0.2799050509929657,
  "learning_rate": 0.0005000000237487257,
  "epoch": 48,
  "global_step": 136759
}