{
  "loss": 4.608047008514404,
  "mae": 1.165610909461975,
  "val_loss": 2.8106067180633545,
  "val_mae": 0.8813762068748474,
  "learning_rate": 0.0010000000474974513,
  "epoch": 48,
  "global_step": 4263
}