{
  "loss": 4.725909233093262,
  "mae": 1.2501646280288696,
  "val_loss": 3.094965934753418,
  "val_mae": 0.8852102160453796,
  "learning_rate": 0.0010000000474974513,
  "epoch": 49,
  "global_step": 5350
}