Skewness,Kurtosis,Mode
-0.004443719609192009,-1.1794779403645326,5.75
-0.003421559206857565,-1.196653531477187,7.27
-0.005265390216858165,-1.181469803403119,7.07
-0.0005840435465991515,-1.1847795085364456,0.64
0.008534180790966465,-1.1951189762453807,0.43
0.011008694458495024,-1.1999555888562827,0.12
,,
-0.006130388898424401,-1.1424235331020693,0.04
0.012002504469596761,-1.1359103224512932,0.05
