Skewness,Kurtosis,Mode
0.0054813018439216,-1.1925284179385083,5.86
0.0035194052686979985,-1.1945100468068777,7.13
-0.013066619937007223,-1.2017704811492815,6.91
-0.008247331028639796,-1.1885623672159642,0.65
0.008218530565787365,-1.182102944364292,0.48
-0.017892311211959368,-1.2039674501839348,0.25
,,
