Skewness,Kurtosis,Mode
0.002108624701516769,-1.2079378791998694,2.05
0.0004130535662008105,-1.198270027594207,3.33
0.01414631017765569,-1.2234457789512336,9.77
0.011171865532026813,-1.2072076148855708,1.77
2.4449774728325233e-05,-1.2159871243837541,2.4
0.005813092510296826,-1.201348821768265,2.93
