Skewness,Kurtosis,Mode
-0.003851811172205151,-1.2143369265088733,6.23
-0.0018453410478519211,-1.1979244330414094,6.87
0.006257557908863486,-1.2137444294777506,6.77
0.02121623083342015,-1.1830080622666477,0.57
0.003225612795405613,-1.2016440371733939,0.42
0.011484039003764263,-1.206779518233146,0.15
,,
0.012995624347223476,-1.2003000612684729,0.22
-0.018812797549393172,-1.1866355237301547,0.3
