Skewness,Kurtosis,Mode
-0.011718337064351577,-1.181567279691725,4.331
0.01659235888840769,-1.2114363219280015,3.1556
-0.016224678444971222,-1.2063681264328472,13.0704
-0.010339179160245737,-1.1975573119328469,1.5764
-0.007603543075681224,-1.1777517726355027,1.951
0.006166681836982542,-1.1883870857340577,0.5579
