Skewness,Kurtosis,Mode
-0.008823389867636654,-1.2143371693552734,0.8778
-0.013907258488641484,-1.192792471806586,3.2514
0.021999040349089147,-1.209504221031669,3.9908
-0.007989275665112577,-1.2171936156970211,0.3185
-0.004061256516862497,-1.184132142543164,3.4527
0.026936241155365203,-1.206877568437024,6.6041
