Skewness,Kurtosis,Mode
0.02363024177912657,-1.2053032799015635,2.02
-0.0034638281439042648,-1.201848406087435,0.17
-0.026647709553532534,-1.1983303559318195,4.8
0.0016101390380806214,-1.2011951326331882,0.98
-0.004394972272476373,-1.195686005650176,0.58
-0.035813138053081874,-1.2088874492341752,7.84
