count,mean,std,min,25%,50%,75%,max
15000.0,7500.5,4330.271354083945,1.0,3750.75,7500.5,11250.25,15000.0
15000.0,2.76132332,1.3045990108883234,0.5007,1.6224,2.76225,3.895725,4.9998
15000.0,2.556302593333333,1.4133627445039643,0.1002,1.34755,2.5696000000000003,3.7739249999999998,4.9997
15000.0,5.220532760000001,2.7482615683648683,0.5001,2.8207,5.2121,7.607325,9.9994
15000.0,1.0505705933333334,0.552879199504314,0.1001,0.570575,1.0507,1.538525,1.9999
15000.0,2.5532128999999997,1.408987752212198,0.1001,1.3385500000000001,2.5637499999999998,3.768675,4.9997
15000.0,5.21932206,2.7428483620390867,0.5004,2.831925,5.181150000000001,7.605700000000001,10.0
