count,mean,std,min,25%,50%,75%,max
15000.0,7500.5,4330.271354083945,1.0,3750.75,7500.5,11250.25,15000.0
15000.0,5.999886666666666,0.2864735094681485,5.5,5.75,6.0,6.24,6.5
15000.0,7.000661333333333,0.2876213211380207,6.5,6.75,7.0,7.25,7.5
15000.0,6.998482666666668,0.2883880525914358,6.5,6.75,7.0,7.24,7.5
15000.0,0.5996846666666665,0.05764797294043533,0.5,0.55,0.6,0.65,0.7
15000.0,0.49968666666666667,0.058153652324746286,0.4,0.45,0.5,0.55,0.6
15000.0,0.19949,0.05792175954407732,0.1,0.15,0.2,0.25,0.3
15000.0,0.05014866666666667,0.02912526595523813,0.0,0.03,0.05,0.08,0.1
15000.0,0.049627333333333336,0.028957733962552593,0.0,0.02,0.05,0.07,0.1
