count,mean,std,min,25%,50%,75%,max
15000.0,7500.5,4330.271354083945,1.0,3750.75,7500.5,11250.25,15000.0
15000.0,2.7413873333333334,1.3023925433839163,0.5,1.61,2.72,3.87,5.0
15000.0,2.5508306666666667,1.4132028963155405,0.1,1.34,2.54,3.78,5.0
15000.0,5.286596666666666,2.7573949298402702,0.5,2.88,5.31,7.65,10.0
15000.0,1.048992,0.5502768856791347,0.1,0.57,1.05,1.52,2.0
15000.0,2.554086666666666,1.4138601743200743,0.1,1.34,2.56,3.77,5.0
15000.0,5.283692666666667,2.7424532765775917,0.5,2.88,5.36,7.67,10.0
