count,mean,std,min,25%,50%,75%,max
20000.0,10000.5,5773.647027659381,1.0,5000.75,10000.5,15000.25,20000.0
20000.0,2.7524625,1.3005758593684755,0.5,1.62,2.74,3.88,5.0
20000.0,2.547646,1.415495930803231,0.1,1.31,2.54,3.77,5.0
20000.0,5.2341355,2.765078381450068,0.5,2.81,5.21,7.66,10.0
20000.0,1.0438275000000001,0.5485649928871884,0.1,0.56,1.04,1.52,2.0
20000.0,2.5462685,1.4239059576799888,0.1,1.3,2.55,3.7824999999999998,5.0
20000.0,5.233505500000001,2.7500228740430757,0.5,2.84,5.24,7.61,10.0
