count,mean,std,min,25%,50%,75%,max
15000.0,7500.5,4330.271354083945,1.0,3750.75,7500.5,11250.25,15000.0
15000.0,2.7584286933333333,1.2909706777765135,0.5001,1.642975,2.76565,3.86305,4.9997
15000.0,2.538476253333333,1.4182349929015414,0.1003,1.3046,2.5271,3.7677,4.9995
15000.0,10.334431526666666,5.641784470533609,0.5017,5.394275,10.3808,15.260725,19.9954
15000.0,1.0501761333333333,0.5485908804777245,0.1,0.578025,1.0608499999999998,1.524,2.0
15000.0,2.5627140266666664,1.407140867533166,0.1004,1.3676,2.56305,3.766575,4.9994
15000.0,10.240509000000001,5.604324725536724,0.5003,5.447100000000001,10.2303,15.090425,19.9992
