count,mean,std,min,25%,50%,75%,max
15000.0,7500.5,4330.271354083945,1.0,3750.75,7500.5,11250.25,15000.0
15000.0,5.998751333333333,0.28762645235900797,5.5,5.75,6.0,6.25,6.5
15000.0,6.997886,0.28846313179080646,6.5,6.75,7.0,7.25,7.5
15000.0,7.0017293333333335,0.2892032710309836,6.5,6.75,7.0,7.25,7.5
15000.0,0.6004433333333333,0.05786795344193473,0.5,0.55,0.6,0.65,0.7
15000.0,0.49996199999999996,0.05799278202372364,0.4,0.45,0.5,0.55,0.6
15000.0,0.20029666666666665,0.05799307029265669,0.1,0.15,0.2,0.25,0.3
