{
  "loss": 0.8948437571525574,
  "mae": 0.5996211767196655,
  "val_loss": 0.37375593185424805,
  "val_mae": 0.2732008993625641,
  "learning_rate": 0.0005000000237487257,
  "epoch": 48,
  "global_step": 136759
}