{
  "loss": 4.743579864501953,
  "mae": 1.2610986232757568,
  "val_loss": 3.221770763397217,
  "val_mae": 0.9213996529579163,
  "learning_rate": 0.0010000000474974513,
  "epoch": 48,
  "global_step": 5243
}