{
  "loss": 1.228642225265503,
  "mae": 0.7160546779632568,
  "val_loss": 0.6077908873558044,
  "val_mae": 0.4315296411514282,
  "learning_rate": 0.0010000000474974513,
  "epoch": 4,
  "global_step": 13955
}