{
  "loss": 0.8515483140945435,
  "mae": 0.5919530391693115,
  "val_loss": 0.3382003605365753,
  "val_mae": 0.2659758925437927,
  "learning_rate": 0.0002500000118743628,
  "epoch": 49,
  "global_step": 139550
}