{
  "loss": 4.114602088928223,
  "mae": 1.4197702407836914,
  "val_loss": 2.2484071254730225,
  "val_mae": 1.015555739402771,
  "epoch": 0,
  "global_step": 2791
}