{
  "loss": 1.0543625354766846,
  "mae": 0.6333258152008057,
  "val_loss": 0.5310893654823303,
  "val_mae": 0.33461111783981323,
  "epoch": 31,
  "global_step": 89312
}