{
  "loss": 0.863857090473175,
  "mae": 0.5955747365951538,
  "val_loss": 0.35507217049598694,
  "val_mae": 0.2751706540584564,
  "learning_rate": 0.0002500000118743628,
  "epoch": 39,
  "global_step": 111640
}