{
  "loss": 0.8275779485702515,
  "mae": 0.5861001014709473,
  "val_loss": 0.33020907640457153,
  "val_mae": 0.26402223110198975,
  "learning_rate": 0.0001250000059371814,
  "epoch": 49,
  "global_step": 139550
}