{
  "loss": 0.8469582200050354,
  "mae": 0.588759183883667,
  "val_loss": 0.33754056692123413,
  "val_mae": 0.26503071188926697,
  "learning_rate": 0.0002500000118743628,
  "epoch": 46,
  "global_step": 131177
}