{
  "loss": 0.843717634677887,
  "mae": 0.5916261076927185,
  "val_loss": 0.32697975635528564,
  "val_mae": 0.26337727904319763,
  "learning_rate": 0.0002500000118743628,
  "epoch": 44,
  "global_step": 125595
}